{"colors":{"254,244,215,1.00":{"color":{"mode":"RGB","value":{"r":254,"g":244,"b":215}},"usedIn":["6d91b629-d3fc-497c-a70d-10ce4abd9da6","ffc7383a-3a63-41bf-b648-e19ca4b97a96","a99b18ee-37ab-4e48-a73e-83282f1ded82","ca90083f-e478-4fe6-9b8a-b86d26e9e9d6","e6809eb0-f9e8-467e-afef-a8ae61002ca3"],"skip":false,"isFromAsset":false},"0,0,0,0.16":{"color":{"mode":"RGB","value":{"r":0,"g":0,"b":0},"alpha":0.1607843137254902},"usedIn":["6d91b629-d3fc-497c-a70d-10ce4abd9da6","ffc7383a-3a63-41bf-b648-e19ca4b97a96","a99b18ee-37ab-4e48-a73e-83282f1ded82","ca90083f-e478-4fe6-9b8a-b86d26e9e9d6","e6809eb0-f9e8-467e-afef-a8ae61002ca3"],"skip":false,"isFromAsset":false},"251,215,124,1.00":{"color":{"mode":"RGB","value":{"r":251,"g":215,"b":124}},"usedIn":["6d91b629-d3fc-497c-a70d-10ce4abd9da6","ffc7383a-3a63-41bf-b648-e19ca4b97a96","a99b18ee-37ab-4e48-a73e-83282f1ded82","ca90083f-e478-4fe6-9b8a-b86d26e9e9d6","e6809eb0-f9e8-467e-afef-a8ae61002ca3"],"skip":false,"isFromAsset":false},"211,54,74,1.00":{"color":{"mode":"RGB","value":{"r":211,"g":54,"b":74}},"usedIn":["6d91b629-d3fc-497c-a70d-10ce4abd9da6","ffc7383a-3a63-41bf-b648-e19ca4b97a96","a99b18ee-37ab-4e48-a73e-83282f1ded82","e6809eb0-f9e8-467e-afef-a8ae61002ca3"],"skip":false,"isFromAsset":false},"105,12,12,0.36":{"color":{"mode":"RGB","value":{"r":105,"g":12,"b":12},"alpha":0.36470588235294116},"usedIn":["6d91b629-d3fc-497c-a70d-10ce4abd9da6","ffc7383a-3a63-41bf-b648-e19ca4b97a96","a99b18ee-37ab-4e48-a73e-83282f1ded82","e6809eb0-f9e8-467e-afef-a8ae61002ca3"],"skip":false,"isFromAsset":false},"211,102,5,1.00":{"color":{"mode":"RGB","value":{"r":211,"g":102,"b":5}},"usedIn":["6d91b629-d3fc-497c-a70d-10ce4abd9da6","ffc7383a-3a63-41bf-b648-e19ca4b97a96","a99b18ee-37ab-4e48-a73e-83282f1ded82","ca90083f-e478-4fe6-9b8a-b86d26e9e9d6","e6809eb0-f9e8-467e-afef-a8ae61002ca3"],"skip":false,"isFromAsset":false},"5,5,5,1.00":{"color":{"mode":"RGB","value":{"r":5,"g":5,"b":5}},"usedIn":["6d91b629-d3fc-497c-a70d-10ce4abd9da6","ffc7383a-3a63-41bf-b648-e19ca4b97a96","e6809eb0-f9e8-467e-afef-a8ae61002ca3"],"skip":false,"isFromAsset":false},"223,94,107,1.00":{"color":{"mode":"RGB","value":{"r":223,"g":94,"b":107}},"usedIn":["6d91b629-d3fc-497c-a70d-10ce4abd9da6","ffc7383a-3a63-41bf-b648-e19ca4b97a96","a99b18ee-37ab-4e48-a73e-83282f1ded82","ca90083f-e478-4fe6-9b8a-b86d26e9e9d6","e6809eb0-f9e8-467e-afef-a8ae61002ca3"],"skip":false,"isFromAsset":false},"255,255,255,1.00":{"color":{"mode":"RGB","value":{"r":255,"g":255,"b":255}},"usedIn":["a99b18ee-37ab-4e48-a73e-83282f1ded82"],"skip":false,"isFromAsset":false},"232,26,69,1.00":{"color":{"mode":"RGB","value":{"r":232,"g":26,"b":69}},"usedIn":["a99b18ee-37ab-4e48-a73e-83282f1ded82"],"skip":false,"isFromAsset":false}},"fonts":{"Vanilla Whale":{"localizedFamilyName":"Vanilla Whale","VanillaWhale-Regular,Regular":{"40":{"usedIn":["6d91b629-d3fc-497c-a70d-10ce4abd9da6","ffc7383a-3a63-41bf-b648-e19ca4b97a96","a99b18ee-37ab-4e48-a73e-83282f1ded82","ca90083f-e478-4fe6-9b8a-b86d26e9e9d6","e6809eb0-f9e8-467e-afef-a8ae61002ca3"],"skip":false},"50":{"usedIn":["e6809eb0-f9e8-467e-afef-a8ae61002ca3"],"skip":false},"90":{"usedIn":["e6809eb0-f9e8-467e-afef-a8ae61002ca3"],"skip":false}}},"IBM Plex Mono":{"localizedFamilyName":"IBM Plex Mono","IBMPlexMono-LightItalic,Light Italic":{"25":{"usedIn":["ffc7383a-3a63-41bf-b648-e19ca4b97a96","e6809eb0-f9e8-467e-afef-a8ae61002ca3"],"skip":false},"34":{"usedIn":["6d91b629-d3fc-497c-a70d-10ce4abd9da6"],"skip":false}}}},"gradients":{},"exportedAssets":{},"characterStyles":{"propName":"charStyle","Vanilla Whale":{"localizedFamilyName":"Vanilla Whale","postscriptName":"VanillaWhale-Regular","propName":"fontFamily","Regular":{"40":{"propName":"fontSize","211,102,5,1.00":{"0":{"48":{"propName":"lineSpacing","usedIn":["6d91b629-d3fc-497c-a70d-10ce4abd9da6","ffc7383a-3a63-41bf-b648-e19ca4b97a96","a99b18ee-37ab-4e48-a73e-83282f1ded82","ca90083f-e478-4fe6-9b8a-b86d26e9e9d6","e6809eb0-f9e8-467e-afef-a8ae61002ca3"],"isFromAsset":false,"skip":false},"propName":"charSpacing"},"mode":"RGB","value":{"r":211,"g":102,"b":5},"propName":"fontColor","alpha":"1.00"}},"50":{"propName":"fontSize","5,5,5,1.00":{"0":{"60":{"propName":"lineSpacing","usedIn":["e6809eb0-f9e8-467e-afef-a8ae61002ca3"],"isFromAsset":false,"skip":false},"propName":"charSpacing"},"mode":"RGB","value":{"r":5,"g":5,"b":5},"propName":"fontColor","alpha":"1.00"}},"90":{"propName":"fontSize","5,5,5,1.00":{"0":{"108":{"propName":"lineSpacing","usedIn":["e6809eb0-f9e8-467e-afef-a8ae61002ca3"],"isFromAsset":false,"skip":false},"propName":"charSpacing"},"mode":"RGB","value":{"r":5,"g":5,"b":5},"propName":"fontColor","alpha":"1.00"}},"propName":"fontStyle"}},"IBM Plex Mono":{"localizedFamilyName":"IBM Plex Mono","postscriptName":"IBMPlexMono-LightItalic","propName":"fontFamily","Light Italic":{"25":{"propName":"fontSize","5,5,5,1.00":{"0":{"33":{"propName":"lineSpacing","usedIn":["ffc7383a-3a63-41bf-b648-e19ca4b97a96","e6809eb0-f9e8-467e-afef-a8ae61002ca3"],"isFromAsset":false,"skip":false},"propName":"charSpacing"},"mode":"RGB","value":{"r":5,"g":5,"b":5},"propName":"fontColor","alpha":"1.00"}},"34":{"propName":"fontSize","5,5,5,1.00":{"0":{"44":{"propName":"lineSpacing","usedIn":["6d91b629-d3fc-497c-a70d-10ce4abd9da6"],"isFromAsset":false,"skip":false,"underLine":{"propName":"decoration","usedIn":["6d91b629-d3fc-497c-a70d-10ce4abd9da6"],"isFromAsset":false,"skip":false}},"propName":"charSpacing"},"mode":"RGB","value":{"r":5,"g":5,"b":5},"propName":"fontColor","alpha":"1.00"}},"propName":"fontStyle"}}},"symbols":{"3f5bb732-33a8-4a78-a1ed-00acadb2aecc":{"usedIn":["a99b18ee-37ab-4e48-a73e-83282f1ded82"],"states":[{"stateId":"3f5bb732-33a8-4a78-a1ed-00acadb2aecc","stateName":"Default State","default":true},{"stateId":"c0bdcfbc-7749-4dd7-8021-3733ef016286","stateName":"State 2"},{"stateId":"e4c38807-4524-46b8-a5fb-84d56f9743b9","stateName":"State 3"},{"stateId":"c527d465-7f30-4f69-a956-ea65951a2108","stateName":"State 4"},{"stateId":"ed6207ff-63ce-437c-8284-d15d8f654ed4","stateName":"State 5"}]}},"uxdesign#version":"0.9"}